{"cameraMode":{"drawMode":0,"name":"Shaded","section":"Shading Mode"},"sceneLighting":true,"audioPlay":false,"sceneViewState":{"showFog":false,"showMaterialUpdate":false,"showSkybox":false,"showFlares":false,"showImageEffects":false,"showParticleSystems":false},"in2DMode":false,"pivot":{"x":17.91330337524414,"y":8.13924503326416,"z":1.5997381210327149},"rotation":{"x":-0.07666051387786865,"y":0.04395504295825958,"z":-0.003368208883330226,"w":-0.9960948824882507},"size":20.29832649230957,"orthographic":false}